-- phpMyAdmin SQL Dump
-- version 5.1.0
-- https://www.phpmyadmin.net/
--
-- Host: 127.0.0.1
-- Generation Time: Jun 10, 2021 at 12:43 PM
-- Server version: 10.4.18-MariaDB
-- PHP Version: 8.0.3

SET SQL_MODE = "NO_AUTO_VALUE_ON_ZERO";
START TRANSACTION;
SET time_zone = "+00:00";


/*!40101 SET @OLD_CHARACTER_SET_CLIENT=@@CHARACTER_SET_CLIENT */;
/*!40101 SET @OLD_CHARACTER_SET_RESULTS=@@CHARACTER_SET_RESULTS */;
/*!40101 SET @OLD_COLLATION_CONNECTION=@@COLLATION_CONNECTION */;
/*!40101 SET NAMES utf8mb4 */;

--
-- Database: `lifestylestoresql`
--

-- --------------------------------------------------------

--
-- Table structure for table `items`
--

CREATE TABLE `items` (
  `id` int(11) NOT NULL,
  `name` varchar(255) CHARACTER SET latin1 NOT NULL,
  `price` int(11) NOT NULL
) ENGINE=InnoDB DEFAULT CHARSET=utf8mb4;

--
-- Dumping data for table `items`
--

INSERT INTO `items` (`id`, `name`, `price`) VALUES
(1, 'Canon EOS', 36000),
(2, 'Nikon DSLR', 40000),
(3, 'Sony DSLR', 45000),
(4, 'Olympus DSLR', 50000),
(5, 'Titan Model #301', 13000),
(6, 'Titan Model #201', 3000),
(7, 'HMT Milan', 8000),
(8, 'Faber Luba #111', 18000),
(9, 'H&W', 800),
(10, 'Luis Phil', 1000),
(11, 'Jhon Zok', 1500),
(12, 'Jhalsani', 1300);

-- --------------------------------------------------------

--
-- Table structure for table `users`
--

CREATE TABLE `users` (
  `id` int(11) NOT NULL,
  `name` varchar(255) CHARACTER SET latin1 NOT NULL,
  `email` varchar(255) CHARACTER SET latin1 NOT NULL,
  `password` varchar(255) CHARACTER SET latin1 NOT NULL,
  `contact` varchar(255) CHARACTER SET latin1 NOT NULL,
  `city` varchar(255) CHARACTER SET latin1 NOT NULL,
  `address` varchar(255) CHARACTER SET latin1 NOT NULL
) ENGINE=InnoDB DEFAULT CHARSET=utf8mb4;

--
-- Dumping data for table `users`
--

INSERT INTO `users` (`id`, `name`, `email`, `password`, `contact`, `city`, `address`) VALUES
(1, 'Anjani Banjare', 'anjanibanjare2017@gmail.com', 'c02aba6f422edb72af919f1262b8038f', '8719079903', 'Korba', 'B-240, Urja Nagar, Gevra Project'),
(2, 'Anjani Banjare', 'studywithanjani21@gmail.com', 'c3db5c57847fb9c975f0462ee573688e', '8719079903', 'Korba', 'B-240, Urja Nagar, Gevra Project');

-- --------------------------------------------------------

--
-- Table structure for table `users_items`
--

CREATE TABLE `users_items` (
  `id` int(11) NOT NULL,
  `user_id` int(11) NOT NULL,
  `item_id` int(11) NOT NULL,
  `status` enum('Added to cart','Confirm') CHARACTER SET latin1 NOT NULL
) ENGINE=InnoDB DEFAULT CHARSET=utf8mb4;

--
-- Dumping data for table `users_items`
--

INSERT INTO `users_items` (`id`, `user_id`, `item_id`, `status`) VALUES
(1, 1, 4, ''),
(2, 1, 4, ''),
(3, 1, 8, ''),
(4, 2, 9, ''),
(5, 2, 4, 'Added to cart'),
(6, 2, 12, 'Added to cart'),
(7, 2, 2, 'Added to cart'),
(8, 2, 6, 'Added to cart'),
(9, 2, 5, 'Added to cart'),
(10, 2, 7, '');

--
-- Indexes for dumped tables
--

--
-- Indexes for table `items`
--
ALTER TABLE `items`
  ADD PRIMARY KEY (`id`);

--
-- Indexes for table `users`
--
ALTER TABLE `users`
  ADD PRIMARY KEY (`id`);

--
-- Indexes for table `users_items`
--
ALTER TABLE `users_items`
  ADD PRIMARY KEY (`id`);

--
-- AUTO_INCREMENT for dumped tables
--

--
-- AUTO_INCREMENT for table `users`
--
ALTER TABLE `users`
  MODIFY `id` int(11) NOT NULL AUTO_INCREMENT, AUTO_INCREMENT=3;

--
-- AUTO_INCREMENT for table `users_items`
--
ALTER TABLE `users_items`
  MODIFY `id` int(11) NOT NULL AUTO_INCREMENT, AUTO_INCREMENT=11;
COMMIT;

/*!40101 SET CHARACTER_SET_CLIENT=@OLD_CHARACTER_SET_CLIENT */;
/*!40101 SET CHARACTER_SET_RESULTS=@OLD_CHARACTER_SET_RESULTS */;
/*!40101 SET COLLATION_CONNECTION=@OLD_COLLATION_CONNECTION */;
